{
    "hintTime": 0,
    "map": {
        "h": 4,
        "map": [
            -1,
            -1,
            2,
            -1,
            -1,
            -1,
            -1,
            -1,
            2,
            -1,
            -1,
            -1,
            -1,
            -1,
            -1,
            -1
        ],
        "status": [
            3,
            3,
            2,
            3,
            3,
            3,
            3,
            3,
            0,
            3,
            3,
            3,
            3,
            3,
            3,
            3
        ],
        "w": 4
    },
    "mode": 1,
    "player_0": {
        "enabled": true,
        "posx": 235.55412315267313,
        "posy": 539.7047359381684,
        "score": 205,
        "type": 0
    },
    "player_1": {
        "enabled": true,
        "posx": 336.18428502582543,
        "posy": 226.02947814885485,
        "score": 0,
        "type": 1
    },
    "prop_0": {
        "enabled": true,
        "num": 1,
        "posx": 750.7397575129511,
        "posy": 166.62755094215905,
        "type": 0
    },
    "prop_1": {
        "enabled": true,
        "num": 2,
        "posx": 739.8750558449887,
        "posy": 695.8549366552268,
        "type": 1
    },
    "prop_2": {
        "enabled": true,
        "num": 3,
        "posx": 88.92943011014883,
        "posy": 168.35110344492233,
        "type": 2
    },
    "remainTime": 91
}
