{
    "hintTime": 5,
    "map": {
        "h": 6,
        "map": [
            -1,
            -1,
            -1,
            -1,
            3,
            2,
            1,
            1,
            3,
            3,
            0,
            0,
            3,
            2,
            0,
            1,
            0,
            1,
            2,
            1,
            -1,
            1,
            0,
            0,
            3,
            2,
            -1,
            -1,
            -1,
            0,
            0,
            3,
            -1,
            -1,
            -1,
            -1
        ],
        "status": [
            3,
            3,
            3,
            3,
            2,
            2,
            2,
            2,
            2,
            2,
            2,
            2,
            2,
            2,
            2,
            2,
            2,
            2,
            2,
            2,
            3,
            2,
            2,
            2,
            2,
            2,
            3,
            3,
            3,
            2,
            2,
            2,
            3,
            3,
            3,
            3
        ],
        "w": 6
    },
    "mode": 0,
    "player_0": {
        "enabled": true,
        "posx": 379.43711436990964,
        "posy": 194.23749724701406,
        "score": 190,
        "type": 0
    },
    "player_1": {
        "enabled": false,
        "posx": 51.95277348227537,
        "posy": 165.40114557703743,
        "score": 0,
        "type": 1
    },
    "prop_0": {
        "enabled": true,
        "num": 1,
        "posx": 79.25428316191075,
        "posy": 172.45866749605113,
        "type": 1
    },
    "prop_1": {
        "enabled": true,
        "num": 2,
        "posx": 761.1825964917218,
        "posy": 699.589014066826,
        "type": 1
    },
    "prop_2": {
        "enabled": true,
        "num": 3,
        "posx": 45.58236295870327,
        "posy": 698.7430971079411,
        "type": 0
    },
    "remainTime": 148
}
