{
    "hintTime": 0,
    "map": {
        "h": 6,
        "map": [
            -1,
            -1,
            0,
            0,
            3,
            2,
            1,
            1,
            3,
            3,
            0,
            0,
            3,
            2,
            0,
            1,
            0,
            1,
            2,
            1,
            1,
            1,
            0,
            0,
            3,
            2,
            1,
            2,
            2,
            0,
            0,
            3,
            2,
            2,
            2,
            2
        ],
        "status": [
            3,
            3,
            0,
            2,
            2,
            2,
            1,
            2,
            2,
            2,
            2,
            2,
            2,
            2,
            2,
            2,
            2,
            2,
            2,
            2,
            2,
            2,
            2,
            2,
            2,
            2,
            2,
            2,
            2,
            2,
            2,
            2,
            2,
            2,
            2,
            2
        ],
        "w": 6
    },
    "mode": 1,
    "player_0": {
        "enabled": true,
        "posx": 236.82407693767777,
        "posy": 217.83233432701385,
        "score": 45,
        "type": 0
    },
    "player_1": {
        "enabled": true,
        "posx": 82.33617574504584,
        "posy": 287.537867436871,
        "score": 0,
        "type": 1
    },
    "prop_0": {
        "enabled": true,
        "num": 1,
        "posx": 62.33617574504584,
        "posy": 698.1351925948184,
        "type": 0
    },
    "prop_1": {
        "enabled": true,
        "num": 2,
        "posx": 682.0153116926048,
        "posy": 699.2918396436044,
        "type": 1
    },
    "prop_2": {
        "enabled": true,
        "num": 3,
        "posx": 743.9121566129991,
        "posy": 157.2429832991548,
        "type": 2
    },
    "remainTime": 129,
    "selected_0_x": 0,
    "selected_0_y": 2,
    "selected_1_x": 1,
    "selected_1_y": 0
}
