{
    "hintTime": 0,
    "map": {
        "h": 4,
        "map": [
            0,
            2,
            -1,
            -1,
            2,
            1,
            0,
            2,
            3,
            3,
            1,
            3,
            3,
            1,
            1,
            2
        ],
        "status": [
            2,
            2,
            3,
            3,
            2,
            2,
            2,
            2,
            2,
            2,
            2,
            2,
            2,
            2,
            2,
            2
        ],
        "w": 4
    },
    "mode": 0,
    "player_0": {
        "enabled": true,
        "posx": 480.7241438264657,
        "posy": 225.26453556402438,
        "score": 15,
        "type": 0
    },
    "player_1": {
        "enabled": false,
        "posx": 700.7241438264657,
        "posy": 156.1194262453761,
        "score": 0,
        "type": 1
    },
    "prop_0": {
        "enabled": true,
        "num": 1,
        "posx": 71.96094742492615,
        "posy": 144.25563710168174,
        "type": 0
    },
    "prop_1": {
        "enabled": true,
        "num": 2,
        "posx": 45.10607858624662,
        "posy": 696.2030980000148,
        "type": 1
    },
    "prop_2": {
        "enabled": true,
        "num": 3,
        "posx": 680.8187763454605,
        "posy": 699.7206218176906,
        "type": 2
    },
    "remainTime": 145
}
